{"cameraMode":{"drawMode":0,"name":"Shaded","section":"Shading Mode"},"sceneLighting":true,"audioPlay":false,"sceneViewState":{"showFog":true,"showMaterialUpdate":false,"showSkybox":true,"showFlares":true,"showImageEffects":true,"showParticleSystems":true},"in2DMode":false,"pivot":{"x":8.55500602722168,"y":1.7339599132537842,"z":12.854616165161133},"rotation":{"x":-0.2549132704734802,"y":0.1358344554901123,"z":-0.03619677945971489,"w":-0.9567164182662964},"size":3.4898757934570314,"orthographic":false}