{"cameraMode":{"drawMode":0,"name":"Shaded","section":"Shading Mode"},"sceneLighting":false,"audioPlay":false,"sceneViewState":{"showFog":true,"showMaterialUpdate":false,"showSkybox":false,"showFlares":true,"showImageEffects":true,"showParticleSystems":true},"in2DMode":false,"pivot":{"x":4.6178483963012699,"y":1.5,"z":4.578125476837158},"rotation":{"x":-0.011777185834944249,"y":-0.8973901271820068,"z":0.44049349427223208,"w":-0.023967450484633447},"size":7.6505537033081059,"orthographic":false}